trial,testing,parameters,initial_deadline,final_deadline,net_reward,actions,success
1,False,"{'a': 0.98, 'e': 1.0}",30,3,-130.0823791034702,"{0: 14, 1: 3, 2: 9, 3: 0, 4: 1}",1
2,False,"{'a': 0.9601986733067552, 'e': 0.9801986733067553}",20,0,-110.18384430572833,"{0: 11, 1: 2, 2: 5, 3: 1, 4: 1}",0
3,False,"{'a': 0.9407894391523232, 'e': 0.9607894391523232}",20,4,-53.72566836112438,"{0: 9, 1: 3, 2: 3, 3: 1, 4: 0}",1
4,False,"{'a': 0.9217645335842487, 'e': 0.9417645335842487}",35,0,-245.0258368398185,"{0: 16, 1: 6, 2: 8, 3: 2, 4: 3}",0
5,False,"{'a': 0.9031163463866357, 'e': 0.9231163463866358}",20,0,-139.49811577222582,"{0: 12, 1: 3, 2: 2, 3: 0, 4: 3}",0
6,False,"{'a': 0.8848374180359595, 'e': 0.9048374180359595}",20,0,-98.85005773575399,"{0: 13, 1: 3, 2: 2, 3: 0, 4: 2}",0
7,False,"{'a': 0.8669204367171575, 'e': 0.8869204367171575}",25,0,-66.8493457734282,"{0: 16, 1: 2, 2: 6, 3: 1, 4: 0}",0
8,False,"{'a': 0.8493582353988058, 'e': 0.8693582353988059}",20,0,-122.18663119652014,"{0: 11, 1: 2, 2: 4, 3: 2, 4: 1}",0
9,False,"{'a': 0.8321437889662113, 'e': 0.8521437889662113}",35,0,-344.6891231173814,"{0: 15, 1: 3, 2: 9, 3: 3, 4: 5}",0
10,False,"{'a': 0.815270211411272, 'e': 0.835270211411272}",20,0,-46.30877728115951,"{0: 16, 1: 1, 2: 2, 3: 0, 4: 1}",0
11,False,"{'a': 0.7987307530779818, 'e': 0.8187307530779818}",20,0,-99.02385859686505,"{0: 12, 1: 2, 2: 4, 3: 1, 4: 1}",0
12,False,"{'a': 0.7825187979624785, 'e': 0.8025187979624785}",20,0,-3.1398799182552177,"{0: 17, 1: 1, 2: 2, 3: 0, 4: 0}",0
13,False,"{'a': 0.7666278610665535, 'e': 0.7866278610665535}",20,0,-119.97834270395823,"{0: 15, 1: 0, 2: 2, 3: 0, 4: 3}",0
14,False,"{'a': 0.7510515858035662, 'e': 0.7710515858035663}",30,0,-108.17536114421355,"{0: 21, 1: 1, 2: 5, 3: 2, 4: 1}",0
15,False,"{'a': 0.7357837414557254, 'e': 0.7557837414557255}",25,16,-48.92962846256109,"{0: 6, 1: 0, 2: 2, 3: 0, 4: 1}",1
16,False,"{'a': 0.7208182206817179, 'e': 0.7408182206817179}",25,0,-107.75653113973236,"{0: 17, 1: 2, 2: 4, 3: 0, 4: 2}",0
17,False,"{'a': 0.7061490370736909, 'e': 0.7261490370736909}",20,0,-107.41118970707933,"{0: 13, 1: 1, 2: 4, 3: 0, 4: 2}",0
18,False,"{'a': 0.6917703227626096, 'e': 0.7117703227626097}",20,0,-69.8232690410327,"{0: 13, 1: 3, 2: 3, 3: 0, 4: 1}",0
19,False,"{'a': 0.677676326071031, 'e': 0.697676326071031}",20,0,-123.90163679081651,"{0: 11, 1: 3, 2: 4, 3: 0, 4: 2}",0
20,False,"{'a': 0.6638614092123558, 'e': 0.6838614092123558}",30,14,-11.958079875382392,"{0: 13, 1: 0, 2: 3, 3: 0, 4: 0}",1
21,False,"{'a': 0.6503200460356393, 'e': 0.6703200460356393}",25,1,-99.76536066005173,"{0: 17, 1: 2, 2: 3, 3: 0, 4: 2}",1
22,False,"{'a': 0.6370468198150567, 'e': 0.6570468198150567}",20,0,-86.52422762257991,"{0: 13, 1: 2, 2: 3, 3: 1, 4: 1}",0
23,False,"{'a': 0.6240364210831414, 'e': 0.6440364210831414}",25,5,-61.45358017526754,"{0: 17, 1: 0, 2: 1, 3: 0, 4: 2}",1
24,False,"{'a': 0.6112836455069259, 'e': 0.631283645506926}",20,0,-60.02708177262645,"{0: 15, 1: 0, 2: 4, 3: 0, 4: 1}",0
25,False,"{'a': 0.5987833918061408, 'e': 0.6187833918061408}",20,8,-58.198499490017184,"{0: 8, 1: 0, 2: 3, 3: 0, 4: 1}",1
26,False,"{'a': 0.5865306597126334, 'e': 0.6065306597126334}",20,6,-45.87277903736084,"{0: 10, 1: 1, 2: 2, 3: 0, 4: 1}",1
27,False,"{'a': 0.5745205479701944, 'e': 0.5945205479701944}",20,0,-21.33318409406039,"{0: 16, 1: 0, 2: 3, 3: 1, 4: 0}",0
28,False,"{'a': 0.5627482523739896, 'e': 0.5827482523739896}",25,4,-119.71400474270715,"{0: 15, 1: 2, 2: 1, 3: 0, 4: 3}",1
29,False,"{'a': 0.5512090638488149, 'e': 0.5712090638488149}",20,0,-106.14216822407222,"{0: 13, 1: 2, 2: 3, 3: 0, 4: 2}",0
30,False,"{'a': 0.539898366565402, 'e': 0.559898366565402}",20,2,10.599179409357165,"{0: 17, 1: 0, 2: 1, 3: 0, 4: 0}",1
31,False,"{'a': 0.5288116360940265, 'e': 0.5488116360940265}",20,0,-17.39675861564221,"{0: 16, 1: 0, 2: 4, 3: 0, 4: 0}",1
32,False,"{'a': 0.5179444375946745, 'e': 0.5379444375946745}",25,0,-53.41578257137442,"{0: 19, 1: 1, 2: 4, 3: 0, 4: 1}",0
33,False,"{'a': 0.5072924240430485, 'e': 0.5272924240430485}",20,0,-23.282370081722185,"{0: 15, 1: 2, 2: 2, 3: 1, 4: 0}",0
34,False,"{'a': 0.49685133449169916, 'e': 0.5168513344916992}",20,0,6.813487478184548,"{0: 18, 1: 0, 2: 2, 3: 0, 4: 0}",0
35,False,"{'a': 0.48661699236558953, 'e': 0.5066169923655895}",35,9,-110.51712733628518,"{0: 19, 1: 1, 2: 3, 3: 1, 4: 2}",1
36,False,"{'a': 0.47658530379140945, 'e': 0.49658530379140947}",30,10,-9.970372817606954,"{0: 16, 1: 1, 2: 3, 3: 0, 4: 0}",1
37,False,"{'a': 0.46675225595997166, 'e': 0.4867522559599717}",25,0,-160.86827732844625,"{0: 15, 1: 2, 2: 5, 3: 0, 4: 3}",0
38,False,"{'a': 0.45711391552103436, 'e': 0.4771139155210344}",20,0,-1.0363898268632985,"{0: 16, 1: 3, 2: 1, 3: 0, 4: 0}",0
39,False,"{'a': 0.4476664270099092, 'e': 0.46766642700990924}",20,0,-129.79777460503598,"{0: 13, 1: 1, 2: 2, 3: 2, 4: 2}",0
40,False,"{'a': 0.4384060113052235, 'e': 0.4584060113052235}",20,2,-47.1641430180211,"{0: 13, 1: 2, 2: 2, 3: 0, 4: 1}",1
41,False,"{'a': 0.42932896411722155, 'e': 0.44932896411722156}",25,1,-24.12413604034575,"{0: 21, 1: 0, 2: 1, 3: 2, 4: 0}",1
42,False,"{'a': 0.42043165450599923, 'e': 0.44043165450599925}",20,7,-68.43612362947036,"{0: 9, 1: 1, 2: 0, 3: 2, 4: 1}",1
43,False,"{'a': 0.4117105234290797, 'e': 0.43171052342907973}",25,9,8.917635069519797,"{0: 14, 1: 1, 2: 1, 3: 0, 4: 0}",1
44,False,"{'a': 0.4031620823177488, 'e': 0.4231620823177488}",20,0,0.33667861522058784,"{0: 16, 1: 3, 2: 1, 3: 0, 4: 0}",1
45,False,"{'a': 0.39478291168158136, 'e': 0.4147829116815814}",20,0,-15.859220310098316,"{0: 18, 1: 1, 2: 0, 3: 0, 4: 1}",0
46,False,"{'a': 0.3865696597405991, 'e': 0.4065696597405991}",20,10,17.60841000351147,"{0: 10, 1: 0, 2: 0, 3: 0, 4: 0}",1
47,False,"{'a': 0.3785190410845141, 'e': 0.39851904108451414}",25,0,-70.98998721835413,"{0: 21, 1: 0, 2: 2, 3: 0, 4: 2}",0
48,False,"{'a': 0.37062783535852106, 'e': 0.3906278353585211}",20,5,-44.54532031225472,"{0: 12, 1: 1, 2: 0, 3: 1, 4: 1}",1
49,False,"{'a': 0.36289288597511205, 'e': 0.38289288597511206}",25,9,27.88100881050536,"{0: 16, 1: 0, 2: 0, 3: 0, 4: 0}",1
50,False,"{'a': 0.35531109885139955, 'e': 0.37531109885139957}",35,15,15.90841044200023,"{0: 18, 1: 1, 2: 1, 3: 0, 4: 0}",1
51,False,"{'a': 0.3478794411714423, 'e': 0.36787944117144233}",25,7,-69.61763887360861,"{0: 14, 1: 1, 2: 1, 3: 0, 4: 2}",1
52,False,"{'a': 0.3405949401730783, 'e': 0.3605949401730783}",25,0,-3.032647094094924,"{0: 22, 1: 0, 2: 3, 3: 0, 4: 0}",0
53,False,"{'a': 0.33345468195878014, 'e': 0.35345468195878016}",20,10,-35.45483856085278,"{0: 8, 1: 0, 2: 1, 3: 0, 4: 1}",1
54,False,"{'a': 0.3264558103300574, 'e': 0.3464558103300574}",20,12,5.386980049834401,"{0: 7, 1: 0, 2: 1, 3: 0, 4: 0}",1
55,False,"{'a': 0.3195955256449391, 'e': 0.3395955256449391}",30,12,-4.2006567923607605,"{0: 15, 1: 0, 2: 3, 3: 0, 4: 0}",1
56,False,"{'a': 0.31287108369807953, 'e': 0.33287108369807955}",25,1,22.074784105391203,"{0: 22, 1: 1, 2: 1, 3: 0, 4: 0}",1
57,False,"{'a': 0.30627979462303945, 'e': 0.32627979462303947}",20,9,19.137117110648404,"{0: 11, 1: 0, 2: 0, 3: 0, 4: 0}",1
58,False,"{'a': 0.2998190218163038, 'e': 0.31981902181630384}",25,11,26.761877544393382,"{0: 14, 1: 0, 2: 0, 3: 0, 4: 0}",1
59,False,"{'a': 0.2934861808826053, 'e': 0.3134861808826053}",30,0,-15.754613545653608,"{0: 25, 1: 1, 2: 4, 3: 0, 4: 0}",0
60,False,"{'a': 0.28727873860113123, 'e': 0.30727873860113125}",20,0,14.728515114410131,"{0: 19, 1: 0, 2: 1, 3: 0, 4: 0}",0
61,False,"{'a': 0.2811942119122021, 'e': 0.30119421191220214}",25,11,21.300847835721356,"{0: 13, 1: 1, 2: 0, 3: 0, 4: 0}",1
62,False,"{'a': 0.2752301669240142, 'e': 0.2952301669240142}",25,17,-49.63323123235342,"{0: 5, 1: 0, 2: 2, 3: 0, 4: 1}",1
63,False,"{'a': 0.2693842179390506, 'e': 0.2893842179390506}",25,17,14.635874002678905,"{0: 8, 1: 0, 2: 0, 3: 0, 4: 0}",1
64,False,"{'a': 0.2636540264997704, 'e': 0.2836540264997704}",20,12,0.2570912174825404,"{0: 7, 1: 0, 2: 1, 3: 0, 4: 0}",1
65,False,"{'a': 0.2580373004531941, 'e': 0.27803730045319414}",30,5,27.41624666835664,"{0: 24, 1: 1, 2: 0, 3: 0, 4: 0}",1
66,False,"{'a': 0.2525317930340126, 'e': 0.2725317930340126}",20,13,14.60384846578066,"{0: 7, 1: 0, 2: 0, 3: 0, 4: 0}",1
67,False,"{'a': 0.24713530196585035, 'e': 0.26713530196585034}",25,5,-8.99488513994167,"{0: 17, 1: 0, 2: 2, 3: 1, 4: 0}",1
68,False,"{'a': 0.241845668580326, 'e': 0.261845668580326}",20,16,8.930108834868522,"{0: 4, 1: 0, 2: 0, 3: 0, 4: 0}",1
69,False,"{'a': 0.2366607769535559, 'e': 0.2566607769535559}",20,0,-21.324251297267843,"{0: 18, 1: 0, 2: 1, 3: 0, 4: 1}",0
70,False,"{'a': 0.23157855305975647, 'e': 0.25157855305975646}",30,14,-23.207135358656487,"{0: 11, 1: 1, 2: 4, 3: 0, 4: 0}",1
71,False,"{'a': 0.22659696394160644, 'e': 0.24659696394160643}",25,0,28.22539526643236,"{0: 24, 1: 1, 2: 0, 3: 0, 4: 0}",0
72,False,"{'a': 0.22171401689703646, 'e': 0.24171401689703645}",20,0,9.844245815848529,"{0: 18, 1: 0, 2: 2, 3: 0, 4: 0}",0
73,False,"{'a': 0.21692775868212177, 'e': 0.23692775868212176}",25,0,13.998357450204612,"{0: 22, 1: 2, 2: 1, 3: 0, 4: 0}",1
74,False,"{'a': 0.21223627472975884, 'e': 0.23223627472975883}",20,8,-22.28467162432399,"{0: 11, 1: 0, 2: 0, 3: 0, 4: 1}",1
75,False,"{'a': 0.20763768838381275, 'e': 0.22763768838381274}",25,10,-27.524972496829367,"{0: 13, 1: 0, 2: 1, 3: 0, 4: 1}",1
76,False,"{'a': 0.20313016014842983, 'e': 0.22313016014842982}",25,3,0.25332447435859473,"{0: 19, 1: 0, 2: 3, 3: 0, 4: 0}",1
77,False,"{'a': 0.19871188695221476, 'e': 0.21871188695221475}",20,8,12.385194151708587,"{0: 11, 1: 1, 2: 0, 3: 0, 4: 0}",1
78,False,"{'a': 0.19438110142697795, 'e': 0.21438110142697794}",30,1,43.968136656590005,"{0: 29, 1: 0, 2: 0, 3: 0, 4: 0}",1
79,False,"{'a': 0.19013607120076473, 'e': 0.21013607120076472}",25,0,-14.450804382913752,"{0: 23, 1: 0, 2: 1, 3: 0, 4: 1}",0
80,False,"{'a': 0.18597509820488345, 'e': 0.20597509820488344}",25,7,12.09771797866877,"{0: 16, 1: 0, 2: 2, 3: 0, 4: 0}",1
81,False,"{'a': 0.1818965179946554, 'e': 0.20189651799465538}",20,9,-16.165580304669014,"{0: 8, 1: 0, 2: 3, 3: 0, 4: 0}",1
82,False,"{'a': 0.19789869908361465, 'e': 0.19789869908361465}",25,0,24.932090395876713,"{0: 24, 1: 0, 2: 1, 3: 0, 4: 0}",0
83,False,"{'a': 0.19398004229089189, 'e': 0.19398004229089189}",30,4,9.288996870686022,"{0: 24, 1: 0, 2: 1, 3: 1, 4: 0}",1
84,False,"{'a': 0.1901389801015205, 'e': 0.1901389801015205}",20,8,17.745892890212822,"{0: 12, 1: 0, 2: 0, 3: 0, 4: 0}",1
85,False,"{'a': 0.18637397603940997, 'e': 0.18637397603940997}",20,11,16.00343808271162,"{0: 9, 1: 0, 2: 0, 3: 0, 4: 0}",1
86,False,"{'a': 0.18268352405273466, 'e': 0.18268352405273466}",20,13,15.250763124001509,"{0: 7, 1: 0, 2: 0, 3: 0, 4: 0}",1
87,False,"{'a': 0.17906614791149322, 'e': 0.17906614791149322}",20,8,-25.753118800278422,"{0: 10, 1: 1, 2: 0, 3: 0, 4: 1}",1
88,False,"{'a': 0.17552040061699686, 'e': 0.17552040061699686}",20,3,12.98592074667361,"{0: 16, 1: 0, 2: 1, 3: 0, 4: 0}",1
89,False,"{'a': 0.17204486382305054, 'e': 0.17204486382305054}",30,3,25.957877458601477,"{0: 26, 1: 0, 2: 1, 3: 0, 4: 0}",1
90,False,"{'a': 0.1686381472685955, 'e': 0.1686381472685955}",20,8,22.85035709666932,"{0: 12, 1: 0, 2: 0, 3: 0, 4: 0}",1
91,False,"{'a': 0.16529888822158653, 'e': 0.16529888822158653}",20,1,-12.957000053389537,"{0: 16, 1: 0, 2: 2, 3: 1, 4: 0}",1
92,False,"{'a': 0.16202575093388075, 'e': 0.16202575093388075}",20,0,1.0274807100948018,"{0: 18, 1: 1, 2: 0, 3: 1, 4: 0}",0
93,False,"{'a': 0.15881742610692068, 'e': 0.15881742610692068}",25,8,-75.62159712541165,"{0: 13, 1: 1, 2: 1, 3: 0, 4: 2}",1
94,False,"{'a': 0.1556726303679973, 'e': 0.1556726303679973}",25,0,30.669040772651922,"{0: 25, 1: 0, 2: 0, 3: 0, 4: 0}",0
95,False,"{'a': 0.15259010575688386, 'e': 0.15259010575688386}",25,0,-39.49669561009983,"{0: 21, 1: 1, 2: 1, 3: 1, 4: 1}",0
96,False,"{'a': 0.14956861922263504, 'e': 0.14956861922263504}",30,21,21.20792847768922,"{0: 9, 1: 0, 2: 0, 3: 0, 4: 0}",1
97,False,"{'a': 0.14660696213035015, 'e': 0.14660696213035015}",20,7,-0.15284484380278118,"{0: 11, 1: 0, 2: 2, 3: 0, 4: 0}",1
98,False,"{'a': 0.14370394977770293, 'e': 0.14370394977770293}",25,0,27.93902859067324,"{0: 24, 1: 0, 2: 1, 3: 0, 4: 0}",0
99,False,"{'a': 0.140858420921045, 'e': 0.140858420921045}",20,16,9.08154642227153,"{0: 4, 1: 0, 2: 0, 3: 0, 4: 0}",1
100,False,"{'a': 0.13806923731089282, 'e': 0.13806923731089282}",30,23,9.76976376425304,"{0: 7, 1: 0, 2: 0, 3: 0, 4: 0}",1
101,False,"{'a': 0.1353352832366127, 'e': 0.1353352832366127}",25,15,18.551051699786417,"{0: 10, 1: 0, 2: 0, 3: 0, 4: 0}",1
102,False,"{'a': 0.13265546508012172, 'e': 0.13265546508012172}",25,16,17.352034853994986,"{0: 9, 1: 0, 2: 0, 3: 0, 4: 0}",1
103,False,"{'a': 0.1300287108784259, 'e': 0.1300287108784259}",30,12,21.78231794415688,"{0: 17, 1: 0, 2: 1, 3: 0, 4: 0}",1
104,False,"{'a': 0.12745396989482075, 'e': 0.12745396989482075}",35,0,4.587367269733621,"{0: 31, 1: 2, 2: 1, 3: 1, 4: 0}",0
105,False,"{'a': 0.12493021219858241, 'e': 0.12493021219858241}",30,2,43.62496438464088,"{0: 28, 1: 0, 2: 0, 3: 0, 4: 0}",1
106,False,"{'a': 0.1224564282529819, 'e': 0.1224564282529819}",20,12,15.279952143032821,"{0: 8, 1: 0, 2: 0, 3: 0, 4: 0}",1
107,False,"{'a': 0.12003162851145673, 'e': 0.12003162851145673}",20,7,12.389895771223138,"{0: 12, 1: 0, 2: 1, 3: 0, 4: 0}",1
108,False,"{'a': 0.11765484302177918, 'e': 0.11765484302177918}",20,5,25.742139784773958,"{0: 15, 1: 0, 2: 0, 3: 0, 4: 0}",1
109,False,"{'a': 0.11532512103806251, 'e': 0.11532512103806251}",30,8,-12.435097528686203,"{0: 20, 1: 1, 2: 0, 3: 0, 4: 1}",1
110,False,"{'a': 0.11304153064044985, 'e': 0.11304153064044985}",25,10,5.476690190622383,"{0: 13, 1: 1, 2: 1, 3: 0, 4: 0}",1
111,False,"{'a': 0.11080315836233387, 'e': 0.11080315836233387}",25,18,16.455863333241055,"{0: 7, 1: 0, 2: 0, 3: 0, 4: 0}",1
112,False,"{'a': 0.10860910882495796, 'e': 0.10860910882495796}",30,15,17.272835909952178,"{0: 14, 1: 0, 2: 1, 3: 0, 4: 0}",1
113,False,"{'a': 0.1064585043792528, 'e': 0.1064585043792528}",25,16,20.02656403221096,"{0: 9, 1: 0, 2: 0, 3: 0, 4: 0}",1
114,False,"{'a': 0.104350484754765, 'e': 0.104350484754765}",20,0,30.514255410281713,"{0: 20, 1: 0, 2: 0, 3: 0, 4: 0}",0
115,False,"{'a': 0.10228420671553744, 'e': 0.10228420671553744}",20,13,15.521810733274089,"{0: 7, 1: 0, 2: 0, 3: 0, 4: 0}",1
116,False,"{'a': 0.1002588437228037, 'e': 0.1002588437228037}",20,2,26.487237687117133,"{0: 18, 1: 0, 2: 0, 3: 0, 4: 0}",1
117,False,"{'a': 0.09827358560436154, 'e': 0.09827358560436154}",20,3,28.167484842799006,"{0: 17, 1: 0, 2: 0, 3: 0, 4: 0}",1
118,False,"{'a': 0.09632763823049303, 'e': 0.09632763823049303}",20,13,11.047775820117064,"{0: 7, 1: 0, 2: 0, 3: 0, 4: 0}",1
119,False,"{'a': 0.09442022319630235, 'e': 0.09442022319630235}",20,7,22.435361041957815,"{0: 13, 1: 0, 2: 0, 3: 0, 4: 0}",1
120,False,"{'a': 0.09255057751034329, 'e': 0.09255057751034329}",20,0,33.39458803879623,"{0: 20, 1: 0, 2: 0, 3: 0, 4: 0}",0
121,False,"{'a': 0.09071795328941251, 'e': 0.09071795328941251}",20,11,14.62986316197373,"{0: 9, 1: 0, 2: 0, 3: 0, 4: 0}",1
122,False,"{'a': 0.08892161745938634, 'e': 0.08892161745938634}",25,12,14.015630952424859,"{0: 12, 1: 1, 2: 0, 3: 0, 4: 0}",1
123,False,"{'a': 0.0871608514619813, 'e': 0.0871608514619813}",25,17,6.993933430675635,"{0: 7, 1: 1, 2: 0, 3: 0, 4: 0}",1
124,False,"{'a': 0.08543495096732123, 'e': 0.08543495096732123}",20,10,20.49359825364057,"{0: 10, 1: 0, 2: 0, 3: 0, 4: 0}",1
125,False,"{'a': 0.08374322559219596, 'e': 0.08374322559219596}",20,12,16.01986104203445,"{0: 8, 1: 0, 2: 0, 3: 0, 4: 0}",1
126,False,"{'a': 0.0820849986238988, 'e': 0.0820849986238988}",30,18,23.57236433959597,"{0: 12, 1: 0, 2: 0, 3: 0, 4: 0}",1
127,False,"{'a': 0.08045960674953244, 'e': 0.08045960674953244}",20,2,16.402816994682222,"{0: 17, 1: 0, 2: 1, 3: 0, 4: 0}",1
128,False,"{'a': 0.07886639979067495, 'e': 0.07886639979067495}",30,15,27.73702372337438,"{0: 15, 1: 0, 2: 0, 3: 0, 4: 0}",1
129,False,"{'a': 0.07730474044329974, 'e': 0.07730474044329974}",25,6,1.937510995666542,"{0: 17, 1: 1, 2: 0, 3: 1, 4: 0}",1
130,False,"{'a': 0.07577400402284548, 'e': 0.07577400402284548}",20,12,13.86323839776909,"{0: 8, 1: 0, 2: 0, 3: 0, 4: 0}",1
131,False,"{'a': 0.07427357821433388, 'e': 0.07427357821433388}",30,22,18.570691610854304,"{0: 8, 1: 0, 2: 0, 3: 0, 4: 0}",1
132,False,"{'a': 0.07280286282743559, 'e': 0.07280286282743559}",20,15,7.867959501581205,"{0: 5, 1: 0, 2: 0, 3: 0, 4: 0}",1
133,False,"{'a': 0.07136126955638605, 'e': 0.07136126955638605}",25,13,-2.151948251422522,"{0: 10, 1: 0, 2: 2, 3: 0, 4: 0}",1
134,False,"{'a': 0.06994822174465536, 'e': 0.06994822174465536}",30,22,13.259700693378786,"{0: 8, 1: 0, 2: 0, 3: 0, 4: 0}",1
135,False,"{'a': 0.06856315415427791, 'e': 0.06856315415427791}",35,20,-25.988721899784156,"{0: 13, 1: 0, 2: 1, 3: 0, 4: 1}",1
136,False,"{'a': 0.06720551273974976, 'e': 0.06720551273974976}",30,13,31.692866156884676,"{0: 17, 1: 0, 2: 0, 3: 0, 4: 0}",1
137,False,"{'a': 0.06587475442640295, 'e': 0.06587475442640295}",20,13,13.265509143590354,"{0: 7, 1: 0, 2: 0, 3: 0, 4: 0}",1
138,False,"{'a': 0.06457034689316847, 'e': 0.06457034689316847}",20,10,0.3021372515561662,"{0: 8, 1: 1, 2: 1, 3: 0, 4: 0}",1
139,False,"{'a': 0.0632917683596407, 'e': 0.0632917683596407}",20,6,23.191692682164796,"{0: 14, 1: 0, 2: 0, 3: 0, 4: 0}",1
140,False,"{'a': 0.06203850737735829, 'e': 0.06203850737735829}",20,8,23.62378170244935,"{0: 12, 1: 0, 2: 0, 3: 0, 4: 0}",1
141,False,"{'a': 0.06081006262521795, 'e': 0.06081006262521795}",30,16,30.98176062881779,"{0: 14, 1: 0, 2: 0, 3: 0, 4: 0}",1
142,False,"{'a': 0.05960594270893937, 'e': 0.05960594270893937}",25,7,25.473638873341727,"{0: 18, 1: 0, 2: 0, 3: 0, 4: 0}",1
143,False,"{'a': 0.05842566596450083, 'e': 0.05842566596450083}",25,8,33.20407022605013,"{0: 17, 1: 0, 2: 0, 3: 0, 4: 0}",1
144,False,"{'a': 0.05726876026546736, 'e': 0.05726876026546736}",20,8,23.807573268740473,"{0: 12, 1: 0, 2: 0, 3: 0, 4: 0}",1
145,False,"{'a': 0.056134762834133725, 'e': 0.056134762834133725}",25,10,27.104487904433686,"{0: 15, 1: 0, 2: 0, 3: 0, 4: 0}",1
146,False,"{'a': 0.05502322005640723, 'e': 0.05502322005640723}",20,16,8.296803831692902,"{0: 4, 1: 0, 2: 0, 3: 0, 4: 0}",1
147,False,"{'a': 0.05393368730035602, 'e': 0.05393368730035602}",25,12,23.443762373952428,"{0: 13, 1: 0, 2: 0, 3: 0, 4: 0}",1
148,False,"{'a': 0.05286572873835037, 'e': 0.05286572873835037}",20,3,-5.761918377001732,"{0: 15, 1: 0, 2: 1, 3: 1, 4: 0}",1
149,False,"{'a': 0.05181891717272583, 'e': 0.05181891717272583}",25,9,23.850509517224776,"{0: 15, 1: 1, 2: 0, 3: 0, 4: 0}",1
150,False,"{'a': 0.0507928338648985, 'e': 0.0507928338648985}",20,12,15.88228494918176,"{0: 8, 1: 0, 2: 0, 3: 0, 4: 0}",1
151,False,"{'a': 0.049787068367863944, 'e': 0.049787068367863944}",35,3,49.640606775015904,"{0: 32, 1: 0, 2: 0, 3: 0, 4: 0}",1
152,False,"{'a': 0.04880121836201296, 'e': 0.04880121836201296}",20,0,15.74442240894531,"{0: 19, 1: 0, 2: 1, 3: 0, 4: 0}",0
153,False,"{'a': 0.04783488949419837, 'e': 0.04783488949419837}",20,10,19.867037746193347,"{0: 10, 1: 0, 2: 0, 3: 0, 4: 0}",1
154,False,"{'a': 0.046887695219988486, 'e': 0.046887695219988486}",30,4,34.534240746113326,"{0: 25, 1: 0, 2: 1, 3: 0, 4: 0}",1
155,False,"{'a': 0.045959256649044204, 'e': 0.045959256649044204}",30,18,21.64521366301108,"{0: 12, 1: 0, 2: 0, 3: 0, 4: 0}",1
156,False,"{'a': 0.0450492023935578, 'e': 0.0450492023935578}",35,22,15.840663802925754,"{0: 12, 1: 0, 2: 1, 3: 0, 4: 0}",1
157,False,"{'a': 0.04415716841969286, 'e': 0.04415716841969286}",25,8,7.383876230358003,"{0: 15, 1: 0, 2: 2, 3: 0, 4: 0}",1
158,False,"{'a': 0.043282797901965896, 'e': 0.043282797901965896}",20,7,20.36590524233293,"{0: 13, 1: 0, 2: 0, 3: 0, 4: 0}",1
159,False,"{'a': 0.042425741080511385, 'e': 0.042425741080511385}",25,5,18.420652661972493,"{0: 18, 1: 1, 2: 1, 3: 0, 4: 0}",1
160,False,"{'a': 0.04158565512117316, 'e': 0.04158565512117316}",20,13,9.515182057618164,"{0: 7, 1: 0, 2: 0, 3: 0, 4: 0}",1
161,False,"{'a': 0.04076220397836621, 'e': 0.04076220397836621}",25,13,22.568059270074343,"{0: 12, 1: 0, 2: 0, 3: 0, 4: 0}",1
162,False,"{'a': 0.039955058260653896, 'e': 0.039955058260653896}",20,12,14.690971774039818,"{0: 8, 1: 0, 2: 0, 3: 0, 4: 0}",1
163,False,"{'a': 0.039163895098987066, 'e': 0.039163895098987066}",20,10,15.58936021390489,"{0: 10, 1: 0, 2: 0, 3: 0, 4: 0}",1
164,False,"{'a': 0.038388398017552054, 'e': 0.038388398017552054}",20,16,7.802664107185819,"{0: 4, 1: 0, 2: 0, 3: 0, 4: 0}",1
165,False,"{'a': 0.0376282568071762, 'e': 0.0376282568071762}",30,16,20.86249287291905,"{0: 14, 1: 0, 2: 0, 3: 0, 4: 0}",1
166,False,"{'a': 0.036883167401239994, 'e': 0.036883167401239994}",20,13,13.695265581609705,"{0: 7, 1: 0, 2: 0, 3: 0, 4: 0}",1
167,False,"{'a': 0.03615283175404641, 'e': 0.03615283175404641}",25,13,22.2604100308107,"{0: 12, 1: 0, 2: 0, 3: 0, 4: 0}",1
168,False,"{'a': 0.03543695772159864, 'e': 0.03543695772159864}",20,4,25.865650464978188,"{0: 16, 1: 0, 2: 0, 3: 0, 4: 0}",1
169,False,"{'a': 0.03473525894473856, 'e': 0.03473525894473856}",25,13,15.52194681888114,"{0: 11, 1: 1, 2: 0, 3: 0, 4: 0}",1
170,False,"{'a': 0.034047454734599344, 'e': 0.034047454734599344}",20,12,14.717797802254182,"{0: 8, 1: 0, 2: 0, 3: 0, 4: 0}",1
171,False,"{'a': 0.03337326996032608, 'e': 0.03337326996032608}",30,24,14.143071126423834,"{0: 6, 1: 0, 2: 0, 3: 0, 4: 0}",1
172,False,"{'a': 0.03271243493901982, 'e': 0.03271243493901982}",25,13,24.385972080670975,"{0: 12, 1: 0, 2: 0, 3: 0, 4: 0}",1
173,False,"{'a': 0.03206468532786077, 'e': 0.03206468532786077}",20,7,23.36790445971584,"{0: 13, 1: 0, 2: 0, 3: 0, 4: 0}",1
174,False,"{'a': 0.03142976201836771, 'e': 0.03142976201836771}",30,20,17.437485292918396,"{0: 10, 1: 0, 2: 0, 3: 0, 4: 0}",1
175,False,"{'a': 0.030807411032751076, 'e': 0.030807411032751076}",35,22,25.835176626352176,"{0: 13, 1: 0, 2: 0, 3: 0, 4: 0}",1
176,False,"{'a': 0.0301973834223185, 'e': 0.0301973834223185}",25,2,27.33140318535191,"{0: 22, 1: 0, 2: 1, 3: 0, 4: 0}",1
177,False,"{'a': 0.029599435167892, 'e': 0.029599435167892}",30,24,9.96474561205176,"{0: 6, 1: 0, 2: 0, 3: 0, 4: 0}",1
178,False,"{'a': 0.029013327082197053, 'e': 0.029013327082197053}",25,18,14.25715816753913,"{0: 7, 1: 0, 2: 0, 3: 0, 4: 0}",1
179,False,"{'a': 0.028438824714184505, 'e': 0.028438824714184505}",20,13,11.782303685533353,"{0: 7, 1: 0, 2: 0, 3: 0, 4: 0}",1
180,False,"{'a': 0.027875698255247015, 'e': 0.027875698255247015}",25,9,10.73096484892319,"{0: 15, 1: 0, 2: 1, 3: 0, 4: 0}",1
181,False,"{'a': 0.02732372244729256, 'e': 0.02732372244729256}",25,17,16.95981801345374,"{0: 8, 1: 0, 2: 0, 3: 0, 4: 0}",1
182,False,"{'a': 0.026782676492638175, 'e': 0.026782676492638175}",30,3,4.220932907475518,"{0: 26, 1: 0, 2: 0, 3: 0, 4: 1}",1
183,False,"{'a': 0.02625234396568796, 'e': 0.02625234396568796}",30,13,32.945769460691324,"{0: 17, 1: 0, 2: 0, 3: 0, 4: 0}",1
184,False,"{'a': 0.02573251272635994, 'e': 0.02573251272635994}",30,23,12.089540235382676,"{0: 7, 1: 0, 2: 0, 3: 0, 4: 0}",1
185,False,"{'a': 0.025222974835227212, 'e': 0.025222974835227212}",35,2,54.20744584068304,"{0: 33, 1: 0, 2: 0, 3: 0, 4: 0}",1
186,False,"{'a': 0.024723526470339388, 'e': 0.024723526470339388}",20,9,19.55797372462056,"{0: 11, 1: 0, 2: 0, 3: 0, 4: 0}",1
187,False,"{'a': 0.024233967845691113, 'e': 0.024233967845691113}",25,1,38.939397908844626,"{0: 24, 1: 0, 2: 0, 3: 0, 4: 0}",1
188,False,"{'a': 0.023754103131304997, 'e': 0.023754103131304997}",25,18,14.228291649370682,"{0: 7, 1: 0, 2: 0, 3: 0, 4: 0}",1
189,False,"{'a': 0.023283740374897, 'e': 0.023283740374897}",25,20,6.67276486134735,"{0: 5, 1: 0, 2: 0, 3: 0, 4: 0}",1
190,False,"{'a': 0.02282269142509297, 'e': 0.02282269142509297}",25,11,27.122223110640924,"{0: 14, 1: 0, 2: 0, 3: 0, 4: 0}",1
191,False,"{'a': 0.02237077185616559, 'e': 0.02237077185616559}",20,7,25.262624223423817,"{0: 13, 1: 0, 2: 0, 3: 0, 4: 0}",1
192,False,"{'a': 0.02192780089426161, 'e': 0.02192780089426161}",35,3,46.35405856604675,"{0: 32, 1: 0, 2: 0, 3: 0, 4: 0}",1
193,False,"{'a': 0.021493601345089923, 'e': 0.021493601345089923}",25,0,38.214378786806826,"{0: 25, 1: 0, 2: 0, 3: 0, 4: 0}",0
194,False,"{'a': 0.021067999523041434, 'e': 0.021067999523041434}",20,0,28.139769048203526,"{0: 20, 1: 0, 2: 0, 3: 0, 4: 0}",0
195,False,"{'a': 0.020650825181712566, 'e': 0.020650825181712566}",25,14,21.582316762977605,"{0: 11, 1: 0, 2: 0, 3: 0, 4: 0}",1
196,False,"{'a': 0.02024191144580439, 'e': 0.02024191144580439}",25,0,34.86256932337701,"{0: 25, 1: 0, 2: 0, 3: 0, 4: 0}",0
197,False,"{'a': 0.019841094744370288, 'e': 0.019841094744370288}",30,17,25.40453045084832,"{0: 13, 1: 0, 2: 0, 3: 0, 4: 0}",1
198,False,"{'a': 0.01944821474538539, 'e': 0.01944821474538539}",25,18,11.164070394022893,"{0: 7, 1: 0, 2: 0, 3: 0, 4: 0}",1
199,False,"{'a': 0.019063114291611637, 'e': 0.019063114291611637}",20,0,31.85396507903819,"{0: 20, 1: 0, 2: 0, 3: 0, 4: 0}",0
200,False,"{'a': 0.018685639337732773, 'e': 0.018685639337732773}",20,10,16.04462985940494,"{0: 10, 1: 0, 2: 0, 3: 0, 4: 0}",1
201,False,"{'a': 0.01831563888873418, 'e': 0.01831563888873418}",20,10,22.68434257504452,"{0: 10, 1: 0, 2: 0, 3: 0, 4: 0}",1
202,False,"{'a': 0.01795296493950285, 'e': 0.01795296493950285}",20,13,12.019668195533994,"{0: 7, 1: 0, 2: 0, 3: 0, 4: 0}",1
203,False,"{'a': 0.017597472415623393, 'e': 0.017597472415623393}",25,11,26.419953150898007,"{0: 14, 1: 0, 2: 0, 3: 0, 4: 0}",1
204,False,"{'a': 0.017249019115346265, 'e': 0.017249019115346265}",25,0,41.834368167039436,"{0: 25, 1: 0, 2: 0, 3: 0, 4: 0}",0
205,False,"{'a': 0.01690746565270528, 'e': 0.01690746565270528}",20,7,26.913395121739054,"{0: 13, 1: 0, 2: 0, 3: 0, 4: 0}",1
206,False,"{'a': 0.016572675401761255, 'e': 0.016572675401761255}",25,3,-7.696972156396523,"{0: 21, 1: 0, 2: 0, 3: 0, 4: 1}",1
207,False,"{'a': 0.01624451444194987, 'e': 0.01624451444194987}",30,19,20.997691007213266,"{0: 11, 1: 0, 2: 0, 3: 0, 4: 0}",1
208,False,"{'a': 0.015922851504511698, 'e': 0.015922851504511698}",20,0,-10.752176746766779,"{0: 19, 1: 0, 2: 0, 3: 0, 4: 1}",0
209,False,"{'a': 0.01560755791998283, 'e': 0.01560755791998283}",20,12,11.992900409949776,"{0: 8, 1: 0, 2: 0, 3: 0, 4: 0}",1
210,False,"{'a': 0.015298507566725518, 'e': 0.015298507566725518}",25,8,29.93219091857965,"{0: 17, 1: 0, 2: 0, 3: 0, 4: 0}",1
211,False,"{'a': 0.014995576820477703, 'e': 0.014995576820477703}",25,14,20.23004382263785,"{0: 11, 1: 0, 2: 0, 3: 0, 4: 0}",1
1,True,"{'a': 0, 'e': 0}",25,6,31.81191671118156,"{0: 19, 1: 0, 2: 0, 3: 0, 4: 0}",1
2,True,"{'a': 0, 'e': 0}",25,12,22.076172043242213,"{0: 13, 1: 0, 2: 0, 3: 0, 4: 0}",1
3,True,"{'a': 0, 'e': 0}",20,6,20.601240615743805,"{0: 14, 1: 0, 2: 0, 3: 0, 4: 0}",1
4,True,"{'a': 0, 'e': 0}",20,6,30.818856903819672,"{0: 14, 1: 0, 2: 0, 3: 0, 4: 0}",1
5,True,"{'a': 0, 'e': 0}",20,2,25.767539376033824,"{0: 18, 1: 0, 2: 0, 3: 0, 4: 0}",1
6,True,"{'a': 0, 'e': 0}",20,16,7.956600827943264,"{0: 4, 1: 0, 2: 0, 3: 0, 4: 0}",1
7,True,"{'a': 0, 'e': 0}",30,16,25.006323088907614,"{0: 14, 1: 0, 2: 0, 3: 0, 4: 0}",1
8,True,"{'a': 0, 'e': 0}",20,8,22.249979164375617,"{0: 12, 1: 0, 2: 0, 3: 0, 4: 0}",1
9,True,"{'a': 0, 'e': 0}",20,11,16.73709234811425,"{0: 9, 1: 0, 2: 0, 3: 0, 4: 0}",1
10,True,"{'a': 0, 'e': 0}",20,13,13.23455045505489,"{0: 7, 1: 0, 2: 0, 3: 0, 4: 0}",1
